bateria,valor_u,sigma2,pontos_dados,ultima_leitura
B0033,0.695752,0.30751384,197,1774537385443
B0034,0.983986,0.01198995,197,1774538370147